Time (ms),Load Cell (Lbs),Servo Cur (mA),Servo Volt (V),Motor Cur (A),Motor Vol (V),Servo Pos (us),Motor Speed (us)
2.50277e+07,-0.31,0.1,7.28,0.17,0,1325,50,
2.50288e+07,-0.31,0.02,7.39,0.17,0,1325,50,
2.50299e+07,-0.31,0.3,6.95,0.17,0,1366,50,
2.5031e+07,-0.31,0.27,6.96,0.17,0,1366,50,
2.50321e+07,-0.31,0.36,6.87,0.17,0,1407,50,
2.50332e+07,-0.31,0.31,6.9,0.17,0,1407,50,
